{
	"subredditId": "t5_2qh6i",
	"commentsPerSubscriber": 5.322060701903777e-5,
	"postsPerSubscriber": 1.3305151754759443e-5,
	"commentsPerHour": 3.5,
	"subscriberCount": 65773,
	"gildsPerSubscriber": 0.00010644121403807555,
	"postsPerHour": 0.875,
	"topKeywords": [
		["toolbar", 8214.921757356497],
		["dm:", 7302.1526732057755],
		["developer's", 6490.802376182911],
		["githubusercontent", 5841.72213856462],
		["product:", 5841.72213856462],
		["maintainer", 5841.72213856462],
		["log:", 5841.72213856462],
		["resolution:", 5476.614504904331],
		["qbittorrent", 4868.101782137183],
		["keynote", 4563.84542075361],
		["maximized", 3982.9923672031496],
		["tiled", 3651.0763366028873],
		["inhibited", 3245.4011880914554],
		["k5", 3245.4011880914554],
		["non-trivial", 2920.86106928231]
	],
	"topCommentersByFrequency": [
		["[deleted]", 58],
		["jom4d4", 6],
		["DanielRios549", 6],
		["PointiestStick", 5],
		["Zren", 5],
		["Bro666", 5],
		["JustMrNic3", 5],
		["ManinaPanina", 5],
		["cyberv0r", 4],
		["Super_Papaya", 4],
		["VortexAcherontic", 4],
		["amoohesam", 4],
		["spacemanSparrow", 4],
		["ei-krem", 4],
		["chic_luke", 4]
	],
	"topPostersByFrequency": [
		["Bro666", 79],
		["[deleted]", 49],
		["KrunaStojkovic", 44],
		["Modelmat", 34],
		["ChristophCullmann", 28],
		["jom4d4", 23],
		["psifidotos", 23],
		["jari_45", 22],
		["milohr", 18],
		["LinuxFurryTranslator", 13],
		["FreskoReddit", 13],
		["alex1701c", 10],
		["beer118", 10],
		["aniqakhokhar", 10],
		["ognarb1", 9]
	],
	"topLinkedDomains": [
		["self.kde", 669],
		["i.redd.it", 352],
		["v.redd.it", 61],
		["pointieststick.com", 61],
		["kde.org", 47],
		["youtube.com", 22],
		["reddit.com", 20],
		["i.imgur.com", 17],
		["kate-editor.org", 17],
		["dot.kde.org", 14],
		["plasma-mobile.org", 11],
		["youtu.be", 11],
		["psifidotos.blogspot.com", 11],
		["imgur.com", 9],
		["github.com", 9]
	]
}
