{
	"subredditId": "t5_38211",
	"commentsPerSubscriber": 4.1254125412541255e-5,
	"postsPerSubscriber": 4.1254125412541255e-5,
	"commentsPerHour": 0.08333333333333333,
	"subscriberCount": 2023,
	"gildsPerSubscriber": 0.0004950495049504951,
	"postsPerHour": 0.08333333333333333,
	"topKeywords": [
		["prores", 9338.154713043477],
		["project's", 9338.154713043477],
		["v20", 5187.863729468599],
		["125%", 4669.077356521739],
		["waveform", 4669.077356521739],
		["chromeos", 4669.077356521739],
		["lines:", 4669.077356521739],
		["mnt", 4669.077356521739],
		["bounding", 4669.077356521739],
		["opensource", 3890.897797101449],
		["happends", 3890.897797101449],
		["dm:", 3890.897797101449],
		["tools:", 3890.897797101449],
		["overwrites", 3890.897797101449],
		["2:20", 3890.897797101449]
	],
	"topCommentersByFrequency": [
		["f_r_d", 8],
		["Adderbox76", 7],
		["Arkengheist", 5],
		["[deleted]", 5],
		["zeGolem83", 4],
		["tangycandy", 4],
		["ViaAquillia", 3],
		["Greydesk", 3],
		["kent_eh", 3],
		["hans_gruber1", 3],
		["Francois-C", 2],
		["eaptom", 2],
		["SnooDucklings", 2],
		["kayakster", 2],
		["zekthedeadcow", 2]
	],
	"topPostersByFrequency": [
		["SHH19", 26],
		["f_r_d", 12],
		["Arkengheist", 9],
		["Adderbox76", 6],
		["antlarand36", 6],
		["te4te4", 5],
		["ViaAquillia", 5],
		["eclipsenow", 4],
		["Keheck", 4],
		["Bro666", 3],
		["MrWendal", 3],
		["Akela-DE", 3],
		["rb_plays", 3],
		["rheza001", 3],
		["thomaslindvig", 3]
	],
	"topLinkedDomains": [
		["self.kdenlive", 425],
		["i.redd.it", 33],
		["youtu.be", 14],
		["v.redd.it", 5],
		["youtube.com", 4],
		["self.linux", 4],
		["kdenlive.org", 3],
		["self.kde", 2],
		["phoronix.com", 1],
		["self.opensource", 1],
		["dot.kde.org", 1],
		["reddit.com", 1],
		["cinestudy.org", 1]
	]
}
