{
	"subredditId": "t5_2u4qs",
	"commentsPerSubscriber": 4.060037266868386e-5,
	"postsPerSubscriber": 2.457390977315076e-5,
	"commentsPerHour": 1.5833333333333333,
	"subscriberCount": 39007,
	"gildsPerSubscriber": 7.69270218985589e-5,
	"postsPerHour": 0.9583333333333333,
	"topKeywords": [
		["krita", 2727.4241038318914],
		["lineart", 335.68296662546356],
		["brushes", 302.9334089059061],
		["opacity", 298.38485922263425],
		["shading", 223.7886444169757],
		["animating", 218.1939283065513],
		["ffmpeg", 167.84148331273178],
		["huion", 139.8679027606098],
		["autosave", 134.2731866501854],
		["brush", 121.85751528184636],
		["animate", 114.43737498595347],
		["toolbar", 111.89432220848784],
		["tablet", 106.66561556323141],
		["foreground", 100.70488998763906],
		["stabilizer", 83.92074165636588]
	],
	"topCommentersByFrequency": [
		["katzengoblin", 11],
		["Tagnen", 10],
		["[deleted]", 10],
		["bigbluewreckingcrew", 7],
		["hanaseayase", 7],
		["Naoshikuu", 6],
		["rafatparvez", 6],
		["waqasvic", 6],
		["Lesran", 5],
		["grapesohyes", 4],
		["chocol8mousse", 4],
		["JustAPotatoeExisting", 4],
		["lnvisibleGhost", 4],
		["bull500", 4],
		["TrendyDelco", 4]
	],
	"topPostersByFrequency": [
		["MumenWriter", 32],
		["rafatparvez", 27],
		["Zoryasha", 22],
		["vellmudoes", 21],
		["Wardcaller", 21],
		["44calibreblues", 20],
		["Dechue_Regali", 18],
		["ryuusu", 16],
		["risinglegendd", 14],
		["st_iron", 14],
		["swaggyboydaddy", 14],
		["wiixd", 13],
		["Frostraven98", 12],
		["hanaseayase", 12],
		["[deleted]", 11]
	],
	"topLinkedDomains": [
		["i.redd.it", 1232],
		["self.krita", 338],
		["v.redd.it", 84],
		["imgur.com", 39],
		["youtube.com", 17],
		["youtu.be", 17],
		["i.imgur.com", 11],
		["krita.org", 7],
		["images-wixmp-ed30a86b8c4ca887773594c2.wixmp.com", 2],
		["cdn.discordapp.com", 2],
		["twitch.tv", 2],
		["self.DigitalArt", 2],
		["deviantart.com", 2],
		["outsideofinfinity.wordpress.com", 1],
		["valdyas.org", 1]
	]
}
